Index	Date	Trigger	A Flow velocity [m/s]	A Mass flow rate [kg/h]	A Sound speed [m/s]	A Transducer temp. (->) [°C]	A Transducer temp. (>-) [°C]	A Amplitude [%]	A Gain [dB]	A Quality [%]	A Volumetric flow rate [m³/h]	A SCNR [dB]	A SNR [dB]	A VariAmp [%]	A VariTime [%]	A Diag.: error bits	A Event trigger R1	A Event trigger R2	A Event trigger R3	A Event trigger R4	A NoiseTrek activated	A Gain  > limit	A Flow vel. > limit	A Flow vel. < cut-off flow	A Pig detected	A FastFood activated	A Transducer temp. violation	A Last value is held	A Fluid temp. (Calculated) [°C]
1	11/3/2025 12:52:39 PM		2.29999995231628	422.46749997139	499.303009033203	49	51	28	107.279998779297	92	110.919159650803	23	13	7	12	0	0	0	0	0	0	0	0	0	0	0	0	0	50.3030303030303
2	11/3/2025 12:52:49 PM		2.24799990653992	412.914276123047	495.864990234375	49	51	28	107.279998779297	85	108.411421626806	24	13	9	5	0	0	0	0	0	0	0	0	0	0	0	0	0	50.3030303030303
3	11/3/2025 12:52:59 PM		2.22900009155273	409.420296549797	495.850006103516	50	52	28	107.279998779297	94	107.495132088661	23	11	8	42	0	0	0	0	0	0	0	0	0	0	0	0	0	51.3131313131313
4	11/3/2025 12:53:09 PM		2.23300004005432	410.235607624054	495.93701171875	51	52	28	107.279998779297	91	107.688036561012	21	9	10	40	0	0	0	0	0	0	0	0	0	0	0	0	0	51.8181818181818
5	11/3/2025 12:53:19 PM		2.20700001716614	405.416643619537	495.845001220703	52	53	28	107.279998779297	89	106.434170901775	22	10	10	61	0	0	0	0	0	0	0	0	0	0	0	0	0	52.8282828282828
6	11/3/2025 12:53:29 PM		2.1949999332428	403.314462304115	495.980987548828	53	54	28	107.279998779297	93	105.855457484722	21	10	10	48	0	0	0	0	0	0	0	0	0	0	0	0	0	53.8383838383838
7	11/3/2025 12:53:39 PM		2.11299991607666	388.177469372749	497.246002197266	53	54	28	107.279998779297	95	101.900949329138	21	10	10	36	0	0	0	0	0	0	0	0	0	0	0	0	0	53.8383838383838
8	11/3/2025 12:53:49 PM		1.99300003051758	366.05544090271	498.420013427734	54	55	29	105.790000915527	96	96.1138620972633	25	11	9	32	0	0	0	0	0	0	0	0	0	0	0	0	0	54.8484848484849
9	11/3/2025 12:53:59 PM		1.96599996089935	361.231380701065	498.522003173828	55	56	29	105.790000915527	89	94.8117703199387	24	10	10	32	0	0	0	0	0	0	0	0	0	0	0	0	0	55.8585858585859
10	11/3/2025 12:54:09 PM		1.942999958992	356.935957074165	498.68701171875	56	57	29	105.790000915527	92	93.7025763094425	24	10	12	63	0	0	0	0	0	0	0	0	0	0	0	0	0	56.8686868686869
11	11/3/2025 12:54:19 PM		1.90100002288818	349.315479397774	498.837005615234	56	57	30	104.300003051758	97	91.6770994663239	22	11	12	44	0	0	0	0	0	0	0	0	0	0	0	0	0	56.8686868686869
12	11/3/2025 12:54:29 PM		1.87999999523163	345.367133617401	498.877014160156	57	58	30	104.300003051758	96	90.6643576920033	24	12	10	16	0	0	0	0	0	0	0	0	0	0	0	0	0	57.8787878787879
13	11/3/2025 12:54:39 PM		1.85099995136261	340.086534619331	498.692993164062	57	59	29	105.790000915527	91	89.265813678503	22	12	12	14	0	0	0	0	0	0	0	0	0	0	0	0	0	58.3838383838384
14	11/3/2025 12:54:49 PM		1.84399998188019	338.720029592514	498.238006591797	58	60	28	107.279998779297	80	88.9282308518887	21	8	16	69	0	0	0	0	0	0	0	0	0	0	0	0	0	59.3939393939394
15	11/3/2025 12:54:59 PM		1.89199995994568	347.5750207901	498.489990234375	59	60	28	107.279998779297	93	91.2430644035339	21	9	13	76	0	0	0	0	0	0	0	0	0	0	0	0	0	59.8989898989899
16	11/3/2025 12:55:09 PM		1.95500004291534	359.231096506119	498.528015136719	59	60	27	108.769996643066	94	94.2812830209732	19	10	11	86	0	0	0	0	0	0	0	0	0	0	0	0	0	59.8989898989899
17	11/3/2025 12:55:19 PM		2.05699992179871	377.8648853302	499.067993164062	60	61	20	119.199996948242	81	99.2003068327904	15	4	15	228	0	0	0	0	0	0	0	0	0	0	0	0	0	60.9090909090909
18	11/3/2025 12:55:29 PM		NaN	NaN	∞	60	62	20	119.199996948242	0	NaN	14	2	14	254	2	0	0	0	0	0	0	0	0	0	0	0	0	61.4141414141414
19	11/3/2025 12:55:39 PM		2.09299993515015	384.42959189415	499.337005615234	60	62	19	120.690002441406	8	100.936433672905	11	1	12	254	0	0	0	0	0	0	0	0	0	0	0	0	0	61.4141414141414
20	11/3/2025 12:55:49 PM		2.07599997520447	381.351327896118	499.346008300781	61	63	23	114.730003356934	70	100.116596370935	24	2	12	254	0	0	0	0	0	0	0	0	0	0	0	0	0	62.4242424242424
21	11/3/2025 12:55:59 PM		2.05800008773804	378.025791049004	499.420989990234	62	63	23	114.730003356934	71	99.2485329508781	20	1	10	254	0	0	0	0	0	0	0	0	0	0	0	0	0	62.9292929292929
22	11/3/2025 12:56:09 PM		2.32399988174438	427.031734585762	499.286010742188	62	63	23	114.730003356934	73	112.076579779387	17	3	6	254	0	0	0	0	0	0	0	0	0	0	0	0	0	62.9292929292929
23	11/3/2025 12:56:19 PM		2.41499996185303	443.662449717522	499.088989257812	63	64	23	114.730003356934	88	116.465122997761	17	3	3	254	0	0	0	0	0	0	0	0	0	0	0	0	0	63.9393939393939
24	11/3/2025 12:56:29 PM		2.59999990463257	477.74498462677	499.069000244141	63	65	23	114.730003356934	74	125.386874377728	18	4	3	254	0	0	0	0	0	0	0	0	0	0	0	0	0	64.4444444444444
25	11/3/2025 12:56:39 PM		2.29999995231628	422.481206059456	499.151000976562	63	65	23	114.730003356934	89	110.919159650803	20	4	2	200	0	0	0	0	0	0	0	0	0	0	0	0	0	64.4444444444444
26	11/3/2025 12:56:49 PM		1.91999995708466	352.782851457596	499.071014404297	64	66	23	114.730003356934	91	92.5933890044689	26	5	3	161	0	0	0	0	0	0	0	0	0	0	0	0	0	65.4545454545455
27	11/3/2025 12:56:59 PM		1.93099999427795	354.798129200935	499.345001220703	65	66	23	114.730003356934	92	93.1238695979118	22	5	1	228	0	0	0	0	0	0	0	0	0	0	0	0	0	65.959595959596
28	11/3/2025 12:57:09 PM		1.93099999427795	354.790699481964	499.364013671875	66	66	23	114.730003356934	61	93.1238695979118	19	5	1	136	0	0	0	0	0	0	0	0	0	0	0	0	0	66.4646464646465
29	11/3/2025 12:57:19 PM		1.94700002670288	357.748425006866	499.300994873047	66	66	23	114.730003356934	79	93.8954807817936	19	6	0	94	0	0	0	0	0	0	0	0	0	0	0	0	0	66.4646464646465
30	11/3/2025 12:57:29 PM		1.95299994945526	358.731105923653	499.358001708984	66	67	23	114.730003356934	71	94.1848374903202	17	6	2	71	0	0	0	0	0	0	0	0	0	0	0	0	0	66.969696969697
31	11/3/2025 12:57:39 PM		1.99500000476837	366.539794206619	499.334991455078	67	68	23	114.730003356934	92	96.2103143334389	17	6	1	128	0	0	0	0	0	0	0	0	0	0	0	0	0	67.979797979798
32	11/3/2025 12:57:49 PM		2.01699995994568	370.47164440155	499.269012451172	68	69	23	114.730003356934	89	97.2712822258472	18	7	1	130	0	0	0	0	0	0	0	0	0	0	0	0	0	68.989898989899
33	11/3/2025 12:57:59 PM		2.00500011444092	368.40226650238	499.144989013672	68	69	24	113.23999786377	73	96.692568808794	16	8	1	130	0	0	0	0	0	0	0	0	0	0	0	0	0	68.989898989899
34	11/3/2025 12:58:09 PM		1.95200002193451	358.635994791985	499.308990478516	69	69	24	113.23999786377	80	94.1366113722324	18	8	2	100	0	0	0	0	0	0	0	0	0	0	0	0	0	69.4949494949495
35	11/3/2025 12:58:19 PM		1.98199999332428	364.142623543739	499.382995605469	69	69	24	113.23999786377	84	95.5833815038204	19	7	1	116	0	0	0	0	0	0	0	0	0	0	0	0	0	69.4949494949495
36	11/3/2025 12:58:29 PM		2.08400011062622	382.908403873444	499.476989746094	69	70	24	113.23999786377	81	100.502405315638	16	7	1	91	0	0	0	0	0	0	0	0	0	0	0	0	0	70
37	11/3/2025 12:58:39 PM		2.15599989891052	396.010082960129	499.305999755859	70	71	25	111.75	89	103.974658995867	16	7	3	103	0	0	0	0	0	0	0	0	0	0	0	0	0	71.010101010101
38	11/3/2025 12:58:49 PM		2.0460000038147	375.936350226402	499.506011962891	71	71	25	111.75	89	98.6698262393475	14	8	2	74	0	0	0	0	0	0	0	0	0	0	0	0	0	71.5151515151515
39	11/3/2025 12:58:59 PM		2.04699993133545	376.028376817703	499.415008544922	71	71	25	111.75	90	98.7180523574352	16	8	1	91	0	0	0	0	0	0	0	0	0	0	0	0	0	71.5151515151515
40	11/3/2025 12:59:09 PM		1.97200000286102	362.2588545084	499.868988037109	72	72	25	111.75	79	95.1011203229427	13	7	2	101	0	0	0	0	0	0	0	0	0	0	0	0	0	72.5252525252525
41	11/3/2025 12:59:19 PM		1.87999999523163	345.470774173737	500.292999267578	72	72	25	111.75	62	90.6643576920033	13	7	6	69	0	0	0	0	0	0	0	0	0	0	0	0	0	72.5252525252525
42	11/3/2025 12:59:29 PM		1.91299998760223	351.466342806816	500.776000976562	72	72	25	111.75	31	92.2558061778545	16	7	7	64	0	0	0	0	0	0	0	0	0	0	0	0	0	72.5252525252525
43	11/3/2025 12:59:39 PM		1.96599996089935	361.106631159782	501.626007080078	72	72	26	110.26000213623	64	94.8117703199387	18	8	4	68	0	0	0	0	0	0	0	0	0	0	0	0	0	72.5252525252525
44	11/3/2025 12:59:49 PM		1.94799995422363	357.946667075157	503.423004150391	73	73	26	110.26000213623	13	93.9437068998814	15	9	5	51	0	0	0	0	0	0	0	0	0	0	0	0	0	73.5353535353535
45	11/3/2025 12:59:59 PM		1.89800000190735	348.703855276108	502.691009521484	74	74	26	110.26000213623	65	91.5324211120605	14	8	5	54	0	0	0	0	0	0	0	0	0	0	0	0	0	74.5454545454545
46	11/3/2025 1:00:09 PM		1.91499996185303	351.79123878479	506.069000244141	74	74	26	110.26000213623	30	92.3522584140301	14	8	4	87	0	0	0	0	0	0	0	0	0	0	0	0	0	74.5454545454545
47	11/3/2025 1:00:19 PM		1.90400004386902	349.776980280876	504.338989257812	75	75	26	110.26000213623	71	91.8217711150646	16	8	7	72	0	0	0	0	0	0	0	0	0	0	0	0	0	75.5555555555556
48	11/3/2025 1:00:29 PM		1.90799999237061	350.45852959156	500.161010742188	75	75	26	110.26000213623	83	92.0146755874157	14	9	5	59	0	0	0	0	0	0	0	0	0	0	0	0	0	75.5555555555556
49	11/3/2025 1:00:39 PM		1.93299996852875	355.092260241508	499.884002685547	76	75	26	110.26000213623	85	93.2203218340874	15	9	4	100	0	0	0	0	0	0	0	0	0	0	0	0	0	76.0606060606061
50	11/3/2025 1:00:49 PM		1.93900001049042	356.298154592514	500.148986816406	76	76	26	110.26000213623	78	93.5096718370914	15	10	7	107	0	0	0	0	0	0	0	0	0	0	0	0	0	76.5656565656566
51	11/3/2025 1:00:59 PM		2.00300002098083	368.056851625443	499.858001708984	76	76	26	110.26000213623	91	96.596123278141	17	9	6	66	0	0	0	0	0	0	0	0	0	0	0	0	0	76.5656565656566
52	11/3/2025 1:01:09 PM		2.09599995613098	384.998086094856	499.536987304688	77	76	26	110.26000213623	88	101.081112027168	19	8	6	91	0	0	0	0	0	0	0	0	0	0	0	0	0	77.0707070707071
53	11/3/2025 1:01:19 PM		2.1010000705719	385.973793268204	499.717987060547	77	77	27	108.769996643066	88	101.322242617607	16	9	4	73	0	0	0	0	0	0	0	0	0	0	0	0	0	77.5757575757576
54	11/3/2025 1:01:29 PM		2.08999991416931	383.90371799469	499.829986572266	77	77	27	108.769996643066	90	100.791755318642	18	10	6	49	0	0	0	0	0	0	0	0	0	0	0	0	0	77.5757575757576
55	11/3/2025 1:01:39 PM		2.06900000572205	380.112093687057	500.044006347656	78	78	27	108.769996643066	73	99.7790202498436	19	9	5	42	0	0	0	0	0	0	0	0	0	0	0	0	0	78.5858585858586
56	11/3/2025 1:01:49 PM		2.02300000190735	371.705996990204	499.888000488281	79	78	27	108.769996643066	75	97.5606322288513	19	10	3	50	0	0	0	0	0	0	0	0	0	0	0	0	0	79.0909090909091
57	11/3/2025 1:01:59 PM		2.02300000190735	371.581462025642	503.532012939453	79	79	27	108.769996643066	47	97.5606322288513	21	8	2	70	0	0	0	0	0	0	0	0	0	0	0	0	0	79.5959595959596
58	11/3/2025 1:02:09 PM		2.01500010490417	370.166918635368	506.506988525391	79	79	27	108.769996643066	53	97.1748299896717	18	9	2	52	0	0	0	0	0	0	0	0	0	0	0	0	0	79.5959595959596
59	11/3/2025 1:02:19 PM		1.99300003051758	366.075825691223	499.756011962891	79	79	27	108.769996643066	64	96.1138620972633	19	10	3	67	0	0	0	0	0	0	0	0	0	0	0	0	0	79.5959595959596
60	11/3/2025 1:02:29 PM		1.96300005912781	360.566648840904	499.738006591797	80	79	28	107.279998779297	81	94.6670919656754	17	9	5	64	0	0	0	0	0	0	0	0	0	0	0	0	0	80.1010101010101
61	11/3/2025 1:02:39 PM		1.94000005722046	356.339782476425	500.56298828125	80	80	28	107.279998779297	83	93.5578979551792	17	9	4	50	0	0	0	0	0	0	0	0	0	0	0	0	0	80.6060606060606
62	11/3/2025 1:02:49 PM		1.932000041008	355.005598068237	499.756011962891	81	80	28	107.279998779297	87	93.1720957159996	16	10	5	73	0	0	0	0	0	0	0	0	0	0	0	0	0	81.1111111111111
63	11/3/2025 1:02:59 PM		1.92400002479553	353.492698073387	500.053985595703	81	81	28	107.279998779297	86	92.7862867712975	18	10	8	63	0	0	0	0	0	0	0	0	0	0	0	0	0	81.6161616161616
64	11/3/2025 1:03:09 PM		1.93599998950958	355.588790774345	499.933990478516	81	81	28	107.279998779297	78	93.3650001883507	19	9	8	106	0	0	0	0	0	0	0	0	0	0	0	0	0	81.6161616161616
65	11/3/2025 1:03:19 PM		1.94599997997284	357.469287514687	504.886993408203	82	81	28	107.279998779297	44	93.8472546637058	16	9	8	87	0	0	0	0	0	0	0	0	0	0	0	0	0	82.1212121212121
66	11/3/2025 1:03:29 PM		1.94200003147125	356.733745336533	501.424011230469	82	82	28	107.279998779297	53	93.6543501913548	17	10	7	66	0	0	0	0	0	0	0	0	0	0	0	0	0	82.6262626262626
67	11/3/2025 1:03:39 PM		1.94400000572205	357.102093100548	502.274993896484	82	82	28	107.279998779297	58	93.7508024275303	15	10	7	49	0	0	0	0	0	0	0	0	0	0	0	0	0	82.6262626262626
68	11/3/2025 1:03:49 PM		1.97800004482269	363.459438085556	502.192993164062	83	82	28	107.279998779297	70	95.3904770314693	16	10	6	57	0	0	0	0	0	0	0	0	0	0	0	0	0	83.1313131313131
69	11/3/2025 1:03:59 PM		2.00699996948242	368.717023730278	501.289001464844	83	82	28	107.279998779297	72	96.7890210449696	18	9	7	91	0	0	0	0	0	0	0	0	0	0	0	0	0	83.1313131313131
70	11/3/2025 1:04:09 PM		2.06500005722046	379.365661740303	500.045989990234	83	83	28	107.279998779297	89	99.5861157774925	16	10	8	46	0	0	0	0	0	0	0	0	0	0	0	0	0	83.6363636363636
71	11/3/2025 1:04:19 PM		2.12599992752075	390.537115931511	499.716003417969	84	83	28	107.279998779297	90	102.527882158756	15	10	8	42	0	0	0	0	0	0	0	0	0	0	0	0	0	84.1414141414141
72	11/3/2025 1:04:29 PM		2.12899994850159	391.19972884655	500.304992675781	84	84	28	107.279998779297	83	102.67256051302	14	11	7	37	0	0	0	0	0	0	0	0	0	0	0	0	0	84.6464646464647
73	11/3/2025 1:04:39 PM		2.11700010299683	388.986021280289	501.125	85	84	28	107.279998779297	84	102.093853801489	15	10	9	46	0	0	0	0	0	0	0	0	0	0	0	0	0	85.1515151515152
74	11/3/2025 1:04:49 PM		2.08100008964539	382.320410013199	499.898010253906	85	85	28	107.279998779297	86	100.357726961374	17	10	9	54	0	0	0	0	0	0	0	0	0	0	0	0	0	85.6565656565657
75	11/3/2025 1:04:59 PM		2.04500007629395	375.729900598526	500.235992431641	85	85	29	105.790000915527	89	98.6216001212597	16	10	9	57	0	0	0	0	0	0	0	0	0	0	0	0	0	85.6565656565657
76	11/3/2025 1:05:09 PM		1.98000001907349	363.716125488281	499.953002929688	86	85	29	105.790000915527	78	95.4869292676449	16	10	8	49	0	0	0	0	0	0	0	0	0	0	0	0	0	86.1616161616162
77	11/3/2025 1:05:19 PM		1.91400003433228	351.658871769905	499.898010253906	86	86	29	105.790000915527	85	92.3040322959423	15	10	10	55	0	0	0	0	0	0	0	0	0	0	0	0	0	86.6666666666667
78	11/3/2025 1:05:29 PM		1.88999998569489	347.248032689095	499.690002441406	86	86	29	105.790000915527	74	91.1466121673584	18	10	11	55	0	0	0	0	0	0	0	0	0	0	0	0	0	86.6666666666667
79	11/3/2025 1:05:39 PM		1.86199998855591	342.010241746902	499.498992919922	86	86	30	104.300003051758	84	89.796294271946	17	11	10	56	0	0	0	0	0	0	0	0	0	0	0	0	0	86.6666666666667
80	11/3/2025 1:05:49 PM		1.8400000333786	338.047385215759	499.402008056641	87	86	30	104.300003051758	81	88.7353263795376	17	11	11	59	0	0	0	0	0	0	0	0	0	0	0	0	0	87.1717171717172
81	11/3/2025 1:05:59 PM		1.87100005149841	343.812149763107	499.10400390625	87	87	30	104.300003051758	89	90.2303226292133	17	11	11	66	0	0	0	0	0	0	0	0	0	0	0	0	0	87.6767676767677
82	11/3/2025 1:06:09 PM		1.875	344.415807723999	499.028991699219	88	87	30	104.300003051758	89	90.4232271015644	18	11	12	59	0	0	0	0	0	0	0	0	0	0	0	0	0	88.1818181818182
83	11/3/2025 1:06:19 PM		1.94400000572205	357.161584496498	499.148010253906	88	88	30	104.300003051758	90	93.7508024275303	18	11	13	39	0	0	0	0	0	0	0	0	0	0	0	0	0	88.6868686868687
84	11/3/2025 1:06:29 PM		2.02600002288818	372.145396471024	499.101013183594	89	88	30	104.300003051758	91	97.7053105831146	16	11	13	44	0	0	0	0	0	0	0	0	0	0	0	0	0	89.1919191919192
85	11/3/2025 1:06:39 PM		2.03800010681152	374.387562274933	499.165985107422	89	89	30	104.300003051758	88	98.2840240001678	17	12	14	37	0	0	0	0	0	0	0	0	0	0	0	0	0	89.6969696969697
86	11/3/2025 1:06:49 PM		2.03299999237061	373.521664738655	499.175994873047	89	89	30	104.300003051758	74	98.042893409729	16	11	13	31	0	0	0	0	0	0	0	0	0	0	0	0	0	89.6969696969697
87	11/3/2025 1:06:59 PM		2.03900003433228	374.645242094994	499.433990478516	89	89	30	104.300003051758	89	98.3322434127331	17	11	14	46	0	0	0	0	0	0	0	0	0	0	0	0	0	89.6969696969697
88	11/3/2025 1:07:09 PM		2.04200005531311	375.098052620888	499.555999755859	90	89	30	104.300003051758	93	98.4769217669964	16	11	13	50	0	0	0	0	0	0	0	0	0	0	0	0	0	90.2020202020202
89	11/3/2025 1:07:19 PM		2.04900002479553	376.521930098534	499.703002929688	90	89	30	104.300003051758	79	98.8145045936108	16	11	13	42	0	0	0	0	0	0	0	0	0	0	0	0	0	90.2020202020202
90	11/3/2025 1:07:29 PM		2.04200005531311	375.166314840317	499.717987060547	90	90	30	104.300003051758	83	98.4769217669964	18	11	11	39	0	0	0	0	0	0	0	0	0	0	0	0	0	90.7070707070707
91	11/3/2025 1:07:39 PM		2.00699996948242	368.665418028831	499.522003173828	91	90	30	104.300003051758	92	96.7890210449696	16	12	12	38	0	0	0	0	0	0	0	0	0	0	0	0	0	91.2121212121212
92	11/3/2025 1:07:49 PM		1.91700005531311	352.206230163574	499.373992919922	91	90	30	104.300003051758	86	92.4487106502056	19	12	11	40	0	0	0	0	0	0	0	0	0	0	0	0	0	91.2121212121212
93	11/3/2025 1:07:59 PM		1.86000001430511	341.706803441048	499.519989013672	91	91	30	104.300003051758	92	89.6998420357704	20	12	12	39	0	0	0	0	0	0	0	0	0	0	0	0	0	91.7171717171717
94	11/3/2025 1:08:09 PM		1.87699997425079	344.893750548363	503.549987792969	92	91	30	104.300003051758	14	90.5196793377399	0	∞	∞	∞	0	0	0	0	0	0	0	0	0	0	0	0	0	92.2222222222222
95	11/3/2025 1:08:19 PM		1.89199995994568	347.502091526985	503.513000488281	92	92	30	104.300003051758	89	91.2430644035339	21	12	13	28	0	0	0	0	0	0	0	0	0	0	0	0	0	92.7272727272727
96	11/3/2025 1:08:29 PM		NaN	NaN	500.087005615234	93	92	30	104.300003051758	92	NaN	19	13	13	19	3	0	0	0	0	0	0	0	0	0	0	0	0	93.2323232323232
97	11/3/2025 1:08:39 PM		1.93900001049042	356.279325485229	499.692993164062	93	93	30	104.300003051758	86	93.5096718370914	19	13	13	26	0	0	0	0	0	0	0	0	0	0	0	0	0	93.7373737373737
98	11/3/2025 1:08:49 PM		1.96000003814697	360.073122382164	504.917999267578	93	93	30	104.300003051758	30	94.522413611412	0	∞	∞	∞	0	0	0	0	0	0	0	0	0	0	0	0	0	93.7373737373737
99	11/3/2025 1:08:59 PM		1.96599996089935	361.139085888863	501.31298828125	93	93	31	102.809997558594	91	94.8117703199387	25	12	14	29	0	0	0	0	0	0	0	0	0	0	0	0	0	93.7373737373737
100	11/3/2025 1:09:09 PM		1.97500002384186	362.918356060982	503.747985839844	93	93	30	104.300003051758	88	95.245798677206	25	13	14	33	0	0	0	0	0	0	0	0	0	0	0	0	0	93.7373737373737
101	11/3/2025 1:09:19 PM		1.96000003814697	360.077360272408	501.528991699219	94	93	30	104.300003051758	88	94.522413611412	24	13	14	40	0	0	0	0	0	0	0	0	0	0	0	0	0	94.2424242424242
102	11/3/2025 1:09:29 PM		1.96800005435944	361.466073989868	499.768005371094	94	94	31	102.809997558594	86	94.9082225561142	22	12	14	31	0	0	0	0	0	0	0	0	0	0	0	0	0	94.7474747474748
103	11/3/2025 1:09:39 PM		2.27800011634827	418.478116393089	499.557006835938	95	94	30	104.300003051758	84	109.858191758394	21	12	14	19	0	0	0	0	0	0	0	0	0	0	0	0	0	95.2525252525253
104	11/3/2025 1:09:49 PM		2.11700010299683	388.968855142593	499.264007568359	95	95	31	102.809997558594	95	102.093853801489	25	12	14	16	0	0	0	0	0	0	0	0	0	0	0	0	0	95.7575757575758
105	11/3/2025 1:09:59 PM		2.06200003623962	378.815567493439	499.209991455078	96	95	30	104.300003051758	91	99.4414374232292	19	12	15	29	0	0	0	0	0	0	0	0	0	0	0	0	0	96.2626262626263
106	11/3/2025 1:10:09 PM		1.97300004959106	362.514039874077	499.432006835938	96	95	31	102.809997558594	93	95.1493464410305	21	12	15	33	0	0	0	0	0	0	0	0	0	0	0	0	0	96.2626262626263
107	11/3/2025 1:10:19 PM		1.93799996376038	355.964943766594	499.505004882812	96	96	31	102.809997558594	93	93.4614457190037	20	13	14	29	0	0	0	0	0	0	0	0	0	0	0	0	0	96.7676767676768
108	11/3/2025 1:10:29 PM		1.90699994564056	350.371491909027	499.380004882812	96	96	31	102.809997558594	90	91.9664494693279	18	12	15	24	0	0	0	0	0	0	0	0	0	0	0	0	0	96.7676767676768
109	11/3/2025 1:10:39 PM		1.91400003433228	351.671907305717	499.359985351562	97	96	31	102.809997558594	95	92.3040322959423	16	13	15	36	0	0	0	0	0	0	0	0	0	0	0	0	0	97.2727272727273
110	11/3/2025 1:10:49 PM		1.92200005054474	353.190091252327	499.492004394531	97	97	31	102.809997558594	89	92.6898345351219	24	13	14	32	0	0	0	0	0	0	0	0	0	0	0	0	0	97.7777777777778
111	11/3/2025 1:10:59 PM		1.91499996185303	351.841798424721	499.744995117188	97	97	31	102.809997558594	93	92.3522584140301	21	13	15	30	0	0	0	0	0	0	0	0	0	0	0	0	0	97.7777777777778
112	11/3/2025 1:11:09 PM		1.92799997329712	354.187282919884	499.669006347656	97	97	31	102.809997558594	86	92.9791912436485	20	13	14	23	0	0	0	0	0	0	0	0	0	0	0	0	0	97.7777777777778
113	11/3/2025 1:11:19 PM		1.96800005435944	361.473396420479	499.606994628906	98	97	31	102.809997558594	87	94.9082225561142	22	13	15	24	0	0	0	0	0	0	0	0	0	0	0	0	0	98.2828282828283
114	11/3/2025 1:11:29 PM		2.00099992752075	367.583656311035	499.515991210938	98	98	31	102.809997558594	84	96.4996710419655	20	12	16	23	0	0	0	0	0	0	0	0	0	0	0	0	0	98.7878787878788
115	11/3/2025 1:11:39 PM		2.11299991607666	388.142949342728	499.335998535156	98	98	31	102.809997558594	83	101.900949329138	16	12	14	37	0	0	0	0	0	0	0	0	0	0	0	0	0	98.7878787878788
116	11/3/2025 1:11:49 PM		2.08699989318848	383.423656225204	499.710998535156	99	98	31	102.809997558594	90	100.647083669901	16	13	15	30	0	0	0	0	0	0	0	0	0	0	0	0	0	99.2929292929293
117	11/3/2025 1:11:59 PM		2.07299995422363	380.862200260162	499.713012695312	99	99	30	104.300003051758	82	99.9719180166721	16	13	13	26	0	0	0	0	0	0	0	0	0	0	0	0	0	99.7979797979798
118	11/3/2025 1:12:09 PM		2.14299988746643	393.682596087456	499.800994873047	99	99	30	104.300003051758	89	103.347719460726	14	13	13	38	0	0	0	0	0	0	0	0	0	0	0	0	0	99.7979797979798
119	11/3/2025 1:12:19 PM		2.07999992370605	382.075980305672	499.664001464844	100	100	31	102.809997558594	87	100.309500843287	14	12	14	33	0	0	0	0	0	0	0	0	0	0	0	0	0	100.808080808081
120	11/3/2025 1:12:29 PM		2.04299998283386	375.395482778549	499.885986328125	100	100	31	102.809997558594	83	98.5251478850842	15	13	15	33	0	0	0	0	0	0	0	0	0	0	0	0	0	100.808080808081
121	11/3/2025 1:12:39 PM		2.01900005340576	370.951464772224	500.050994873047	101	100	31	102.809997558594	84	97.3677344620228	16	13	15	36	0	0	0	0	0	0	0	0	0	0	0	0	0	101.313131313131
122	11/3/2025 1:12:49 PM		1.91600000858307	351.986610889435	500.132995605469	101	101	31	102.809997558594	84	92.4004845321178	18	13	14	38	0	0	0	0	0	0	0	0	0	0	0	0	0	101.818181818182
123	11/3/2025 1:12:59 PM		1.87100005149841	343.693998456001	503.240997314453	101	101	31	102.809997558594	71	90.2303226292133	18	12	16	36	0	0	0	0	0	0	0	0	0	0	0	0	0	101.818181818182
124	11/3/2025 1:13:09 PM		1.84500002861023	339.032346010208	500.143005371094	101	101	31	102.809997558594	80	88.9764569699764	18	13	15	40	0	0	0	0	0	0	0	0	0	0	0	0	0	101.818181818182
125	11/3/2025 1:13:19 PM		1.88199996948242	345.785906910896	500.486999511719	101	101	31	102.809997558594	75	90.7608099281788	16	12	15	33	0	0	0	0	0	0	0	0	0	0	0	0	0	101.818181818182
126	11/3/2025 1:13:29 PM		1.9210000038147	352.898508310318	500.31201171875	101	101	31	102.809997558594	64	92.6416084170341	19	12	14	38	0	0	0	0	0	0	0	0	0	0	0	0	0	101.818181818182
127	11/3/2025 1:13:39 PM		1.94099998474121	356.643971800804	501.535003662109	102	102	31	102.809997558594	51	93.606124073267	22	12	15	51	0	0	0	0	0	0	0	0	0	0	0	0	0	102.828282828283
128	11/3/2025 1:13:49 PM		1.95899999141693	359.874102473259	501.738006591797	102	102	31	102.809997558594	56	94.4741874933243	25	13	15	48	0	0	0	0	0	0	0	0	0	0	0	0	0	102.828282828283
129	11/3/2025 1:13:59 PM		3.05699992179871	561.528557538986	500.898986816406	102	102	31	102.809997558594	72	147.426036000252	26	13	15	43	0	0	0	0	0	0	0	0	0	0	0	0	0	102.828282828283
130	11/3/2025 1:14:09 PM		3.35999989509583	617.274409532547	500.953002929688	103	103	31	102.809997558594	70	162.03842908144	19	14	15	17	0	0	0	0	0	0	0	0	0	0	0	0	0	103.838383838384
131	11/3/2025 1:14:19 PM		2.65199995040894	487.293702363968	502.233001708984	103	103	31	102.809997558594	71	127.894619107246	19	14	14	26	0	0	0	0	0	0	0	0	0	0	0	0	0	103.838383838384
132	11/3/2025 1:14:29 PM		2.26799988746643	416.74017906189	501.885009765625	104	103	31	102.809997558594	67	109.375937283039	17	13	15	46	0	0	0	0	0	0	0	0	0	0	0	0	0	104.343434343434
133	11/3/2025 1:14:39 PM		2.20499992370605	405.069324374199	502.398010253906	104	104	31	102.809997558594	71	106.3377186656	24	14	14	34	0	0	0	0	0	0	0	0	0	0	0	0	0	104.848484848485
134	11/3/2025 1:14:49 PM		2.11800003051758	389.165782928467	502.601989746094	104	104	31	102.809997558594	72	102.142079919577	24	13	14	29	0	0	0	0	0	0	0	0	0	0	0	0	0	104.848484848485
135	11/3/2025 1:14:59 PM		2.18700003623962	401.771199703217	502.930999755859	105	105	31	102.809997558594	77	105.469655245543	22	13	14	34	0	0	0	0	0	0	0	0	0	0	0	0	0	105.858585858586
136	11/3/2025 1:15:09 PM		2.07999992370605	382.194855809212	502.22900390625	105	105	31	102.809997558594	83	100.309500843287	21	13	14	35	0	0	0	0	0	0	0	0	0	0	0	0	0	105.858585858586
137	11/3/2025 1:15:19 PM		2.02800011634827	372.607514262199	501.316986083984	105	105	31	102.809997558594	75	97.8017628192902	23	13	14	40	0	0	0	0	0	0	0	0	0	0	0	0	0	105.858585858586
138	11/3/2025 1:15:29 PM		1.91700005531311	352.097976207733	500.299987792969	105	105	31	102.809997558594	74	92.4487106502056	20	14	15	37	0	0	0	0	0	0	0	0	0	0	0	0	0	105.858585858586
139	11/3/2025 1:15:39 PM		1.87199997901917	343.935585021973	499.539001464844	105	105	31	102.809997558594	76	90.2785487473011	19	14	14	28	0	0	0	0	0	0	0	0	0	0	0	0	0	105.858585858586
140	11/3/2025 1:15:49 PM		1.86099994182587	341.959601640701	499.700012207031	105	105	31	102.809997558594	76	89.7480681538582	17	14	14	35	0	0	0	0	0	0	0	0	0	0	0	0	0	105.858585858586
141	11/3/2025 1:15:59 PM		1.86300003528595	342.217066884041	499.627014160156	105	105	31	102.809997558594	79	89.8445203900337	18	14	14	35	0	0	0	0	0	0	0	0	0	0	0	0	0	105.858585858586
142	11/3/2025 1:16:09 PM		1.89699995517731	348.544934391975	499.707000732422	106	106	31	102.809997558594	84	91.4841949939728	19	13	15	32	0	0	0	0	0	0	0	0	0	0	0	0	0	106.868686868687
143	11/3/2025 1:16:19 PM		1.94400000572205	357.118883728981	499.888000488281	106	106	32	101.319999694824	76	93.7508024275303	19	14	15	22	0	0	0	0	0	0	0	0	0	0	0	0	0	106.868686868687
144	11/3/2025 1:16:29 PM		1.99199998378754	365.868490934372	499.652008056641	107	107	31	102.809997558594	89	96.0656359791756	20	13	15	37	0	0	0	0	0	0	0	0	0	0	0	0	0	107.878787878788
145	11/3/2025 1:16:39 PM		2.00999999046326	369.231417775154	499.730987548828	107	107	31	102.809997558594	75	96.9336993992329	20	14	15	37	0	0	0	0	0	0	0	0	0	0	0	0	0	107.878787878788
146	11/3/2025 1:16:49 PM		2.19400000572205	403.142881393433	500.148986816406	107	107	31	102.809997558594	68	105.807231366634	21	14	14	40	0	0	0	0	0	0	0	0	0	0	0	0	0	107.878787878788
147	11/3/2025 1:16:59 PM		3.23799991607666	594.927263259888	500.255004882812	108	108	32	101.319999694824	79	156.154882907867	24	13	14	28	0	0	0	0	0	0	0	0	0	0	0	0	0	108.888888888889
148	11/3/2025 1:17:09 PM		3.10700011253357	570.881313085556	500.196990966797	108	108	32	101.319999694824	76	149.83731508255	22	14	14	38	0	0	0	0	0	0	0	0	0	0	0	0	0	108.888888888889
149	11/3/2025 1:17:19 PM		3.38499999046326	621.808040142059	501.148986816406	108	108	32	101.319999694824	58	163.244068622589	21	13	15	37	0	0	0	0	0	0	0	0	0	0	0	0	0	108.888888888889
150	11/3/2025 1:17:29 PM		2.71799993515015	499.304527044296	501.289001464844	109	109	31	102.809997558594	76	131.077516078949	25	14	14	28	0	0	0	0	0	0	0	0	0	0	0	0	0	109.89898989899
151	11/3/2025 1:17:39 PM		2.20499992370605	405.045774579048	500.678009033203	109	109	32	101.319999694824	66	106.3377186656	19	14	15	11	0	0	0	0	0	0	0	0	0	0	0	0	0	109.89898989899
152	11/3/2025 1:17:49 PM		2.1710000038147	398.764523863792	501.339996337891	109	109	32	101.319999694824	72	104.698044061661	22	14	14	33	0	0	0	0	0	0	0	0	0	0	0	0	0	109.89898989899
153	11/3/2025 1:17:59 PM		2.12800002098083	391.031447052956	501.399993896484	109	109	32	101.319999694824	72	102.624334394932	20	15	14	37	0	0	0	0	0	0	0	0	0	0	0	0	0	109.89898989899
154	11/3/2025 1:18:09 PM		2.61999988555908	481.373047828674	500.710998535156	109	109	31	102.809997558594	80	126.351396739483	19	14	14	31	0	0	0	0	0	0	0	0	0	0	0	0	0	109.89898989899
155	11/3/2025 1:18:19 PM		2.53800010681152	466.260409355164	500.704010009766	109	109	31	102.809997558594	83	122.396881878376	21	13	14	36	0	0	0	0	0	0	0	0	0	0	0	0	0	109.89898989899
156	11/3/2025 1:18:29 PM		2.47000002861023	453.778213262558	499.865997314453	109	109	31	102.809997558594	80	119.117532670498	19	13	14	28	0	0	0	0	0	0	0	0	0	0	0	0	0	109.89898989899
157	11/3/2025 1:18:39 PM		2.16599988937378	398.014444112778	500.330993652344	110	110	32	101.319999694824	72	104.456913471222	21	14	14	34	0	0	0	0	0	0	0	0	0	0	0	0	0	110.909090909091
158	11/3/2025 1:18:49 PM		2.10800004005432	387.222737073898	501.049987792969	110	110	32	101.319999694824	73	101.659818738699	22	14	14	34	0	0	0	0	0	0	0	0	0	0	0	0	0	110.909090909091
159	11/3/2025 1:18:59 PM		2.14800000190735	394.694888591766	501.390991210938	110	111	32	101.319999694824	57	103.588850051165	23	14	14	25	0	0	0	0	0	0	0	0	0	0	0	0	0	111.414141414141
160	11/3/2025 1:19:09 PM		2.06100010871887	378.576636314392	501.523010253906	111	111	32	101.319999694824	64	99.3932113051414	22	13	15	35	0	0	0	0	0	0	0	0	0	0	0	0	0	111.919191919192
161	11/3/2025 1:19:19 PM		2.06599998474121	379.524984955788	501.121002197266	111	111	32	101.319999694824	71	99.6343418955803	20	13	15	30	0	0	0	0	0	0	0	0	0	0	0	0	0	111.919191919192
162	11/3/2025 1:19:29 PM		2.07500004768372	381.195706129074	501.381011962891	111	112	32	101.319999694824	70	100.068370252848	20	14	14	34	0	0	0	0	0	0	0	0	0	0	0	0	0	112.424242424242
163	11/3/2025 1:19:39 PM		2.10400009155273	386.621814966202	502.359985351562	112	112	32	101.319999694824	78	101.46692097187	20	15	14	32	0	0	0	0	0	0	0	0	0	0	0	0	0	112.929292929293
164	11/3/2025 1:19:49 PM		2.10899996757507	387.437233328819	501.903015136719	112	112	32	101.319999694824	69	101.708044856787	19	14	14	32	0	0	0	0	0	0	0	0	0	0	0	0	0	112.929292929293
165	11/3/2025 1:19:59 PM		2.23399996757507	410.410675406456	502.710998535156	112	112	32	101.319999694824	73	107.7362626791	21	15	13	30	0	0	0	0	0	0	0	0	0	0	0	0	0	112.929292929293
166	11/3/2025 1:20:09 PM		2.17199993133545	399.103340506554	502.420013427734	113	113	32	101.319999694824	81	104.746270179749	15	14	13	27	0	0	0	0	0	0	0	0	0	0	0	0	0	113.939393939394
167	11/3/2025 1:20:19 PM		2.15400004386902	395.744919776917	499.921997070312	113	113	32	101.319999694824	75	103.878206759691	17	15	13	33	0	0	0	0	0	0	0	0	0	0	0	0	0	113.939393939394
168	11/3/2025 1:20:29 PM		2.29999995231628	422.455108165741	498.953002929688	113	113	32	101.319999694824	82	110.919159650803	22	14	13	31	0	0	0	0	0	0	0	0	0	0	0	0	0	113.939393939394
169	11/3/2025 1:20:39 PM		1.91799998283386	352.428531646729	499.561004638672	113	113	32	101.319999694824	69	92.4969367682934	19	14	13	20	0	0	0	0	0	0	0	0	0	0	0	0	0	113.939393939394
170	11/3/2025 1:20:49 PM		1.85199999809265	340.276408195496	499.178985595703	113	113	32	101.319999694824	75	89.3140397965908	19	14	13	32	0	0	0	0	0	0	0	0	0	0	0	0	0	113.939393939394
171	11/3/2025 1:20:59 PM		2.0550000667572	377.462688088417	499.019012451172	113	113	31	102.809997558594	79	99.1038613021374	19	15	13	37	0	0	0	0	0	0	0	0	0	0	0	0	0	113.939393939394
172	11/3/2025 1:21:09 PM		2.04299998283386	375.242999196053	498.998992919922	114	114	32	101.319999694824	88	98.5251478850842	19	15	14	31	0	0	0	0	0	0	0	0	0	0	0	0	0	114.949494949495
173	11/3/2025 1:21:19 PM		1.98000001907349	363.69796693325	498.886993408203	114	114	31	102.809997558594	83	95.4869292676449	21	15	14	28	0	0	0	0	0	0	0	0	0	0	0	0	0	114.949494949495
174	11/3/2025 1:21:29 PM		2.02999997138977	372.896307706833	498.851989746094	114	114	32	101.319999694824	86	97.8982150554657	22	14	12	32	0	0	0	0	0	0	0	0	0	0	0	0	0	114.949494949495
175	11/3/2025 1:21:39 PM		2.03299999237061	373.498302698135	498.888000488281	114	114	32	101.319999694824	87	98.042893409729	18	14	12	26	0	0	0	0	0	0	0	0	0	0	0	0	0	114.949494949495
176	11/3/2025 1:21:49 PM		2.06699991226196	379.655179381371	499.028015136719	114	115	32	101.319999694824	88	99.6825680136681	19	14	13	29	0	0	0	0	0	0	0	0	0	0	0	0	0	115.454545454545
177	11/3/2025 1:21:59 PM		2.06699991226196	379.748091101646	498.994995117188	115	115	31	102.809997558594	90	99.6825680136681	19	14	12	22	0	0	0	0	0	0	0	0	0	0	0	0	0	115.959595959596
178	11/3/2025 1:22:09 PM		2.45000004768372	450.133413076401	498.902008056641	115	115	32	101.319999694824	89	118.153023719788	21	14	13	32	0	0	0	0	0	0	0	0	0	0	0	0	0	115.959595959596
179	11/3/2025 1:22:19 PM		2.05299997329712	377.091604471207	498.923004150391	115	116	32	101.319999694824	91	99.0074090659618	21	14	13	34	0	0	0	0	0	0	0	0	0	0	0	0	0	116.464646464646
180	11/3/2025 1:22:29 PM		2.20499992370605	405.065783858299	498.805999755859	116	116	32	101.319999694824	91	106.3377186656	20	15	11	19	0	0	0	0	0	0	0	0	0	0	0	0	0	116.969696969697
181	11/3/2025 1:22:39 PM		1.98599994182587	364.907830953598	498.923004150391	116	116	32	101.319999694824	92	95.7762859761715	24	14	11	24	0	0	0	0	0	0	0	0	0	0	0	0	0	116.969696969697
182	11/3/2025 1:22:49 PM		1.93700003623962	355.768632888794	498.980987548828	116	117	32	101.319999694824	94	93.4132263064384	21	15	11	27	0	0	0	0	0	0	0	0	0	0	0	0	0	117.474747474747
183	11/3/2025 1:22:59 PM		1.9099999666214	350.901818275452	498.805999755859	116	117	32	101.319999694824	92	92.1111278235912	23	14	12	24	0	0	0	0	0	0	0	0	0	0	0	0	0	117.474747474747
184	11/3/2025 1:23:09 PM		1.90100002288818	349.314165115356	498.845001220703	117	117	32	101.319999694824	94	91.6770994663239	25	14	12	30	0	0	0	0	0	0	0	0	0	0	0	0	0	117.979797979798
185	11/3/2025 1:23:19 PM		1.90299999713898	349.547570943832	498.907989501953	117	117	32	101.319999694824	94	91.7735517024994	25	14	11	30	0	0	0	0	0	0	0	0	0	0	0	0	0	117.979797979798
186	11/3/2025 1:23:29 PM		1.93400001525879	355.287793278694	499.082000732422	117	118	32	101.319999694824	88	93.2685479521751	24	16	12	41	0	0	0	0	0	0	0	0	0	0	0	0	0	118.484848484848
187	11/3/2025 1:23:39 PM		1.98699998855591	364.977756142616	499.186004638672	118	118	32	101.319999694824	93	95.8245120942593	19	16	13	25	0	0	0	0	0	0	0	0	0	0	0	0	0	118.989898989899
188	11/3/2025 1:23:49 PM		2.03200006484985	373.254892230034	499.130004882812	118	118	32	101.319999694824	94	97.9946672916412	20	15	12	24	0	0	0	0	0	0	0	0	0	0	0	0	0	118.989898989899
189	11/3/2025 1:23:59 PM		2.01799988746643	370.69678902626	499.217010498047	118	118	32	101.319999694824	94	97.319508343935	20	14	11	30	0	0	0	0	0	0	0	0	0	0	0	0	0	118.989898989899
190	11/3/2025 1:24:09 PM		2.02300000190735	371.712702512741	499.325012207031	118	118	32	101.319999694824	92	97.5606322288513	21	14	12	32	0	0	0	0	0	0	0	0	0	0	0	0	0	118.989898989899
191	11/3/2025 1:24:19 PM		2.02300000190735	371.564698219299	499.295989990234	118	118	31	102.809997558594	93	97.5606322288513	19	14	12	32	0	0	0	0	0	0	0	0	0	0	0	0	0	118.989898989899
192	11/3/2025 1:24:29 PM		1.99699997901917	366.967794299126	499.321014404297	118	119	31	102.809997558594	93	96.3067665696144	20	14	12	27	0	0	0	0	0	0	0	0	0	0	0	0	0	119.494949494949
193	11/3/2025 1:24:39 PM		1.98500001430511	364.694836735725	499.492004394531	118	119	31	102.809997558594	91	95.7280598580837	20	14	14	24	0	0	0	0	0	0	0	0	0	0	0	0	0	119.494949494949
194	11/3/2025 1:24:49 PM		1.97300004959106	362.547782063484	499.692993164062	118	119	31	102.809997558594	86	95.1493464410305	21	13	13	19	0	0	0	0	0	0	0	0	0	0	0	0	0	119.494949494949
195	11/3/2025 1:24:59 PM		1.932000041008	354.8907995224	499.838012695312	119	119	31	102.809997558594	84	93.1720957159996	19	14	12	27	0	0	0	0	0	0	0	0	0	0	0	0	0	120
196	11/3/2025 1:25:09 PM		1.89800000190735	348.671936988831	499.994995117188	119	119	31	102.809997558594	77	91.5324211120605	21	14	12	20	0	0	0	0	0	0	0	0	0	0	0	0	0	120
197	11/3/2025 1:25:19 PM		1.90299999713898	349.634099006653	499.717010498047	119	120	32	101.319999694824	80	91.7735517024994	18	14	13	30	0	0	0	0	0	0	0	0	0	0	0	0	0	120.505050505051
198	11/3/2025 1:25:29 PM		1.91499996185303	351.860493421555	499.673004150391	120	120	31	102.809997558594	84	92.3522584140301	21	14	13	33	0	0	0	0	0	0	0	0	0	0	0	0	0	121.010101010101
199	11/3/2025 1:25:39 PM		1.92299997806549	353.202348947525	499.6669921875	120	120	31	102.809997558594	79	92.7380606532097	21	14	13	27	0	0	0	0	0	0	0	0	0	0	0	0	0	121.010101010101
200	11/3/2025 1:25:49 PM		1.9190000295639	352.484992146492	499.748992919922	120	121	31	102.809997558594	77	92.5451628863811	20	14	14	30	0	0	0	0	0	0	0	0	0	0	0	0	0	121.515151515152
201	11/3/2025 1:25:59 PM		1.96899998188019	361.690279841423	499.643005371094	120	121	31	102.809997558594	88	94.956448674202	19	13	13	19	0	0	0	0	0	0	0	0	0	0	0	0	0	121.515151515152
202	11/3/2025 1:26:09 PM		2.05800008773804	378.039202094078	499.631011962891	121	121	31	102.809997558594	95	99.2485329508781	23	13	15	29	0	0	0	0	0	0	0	0	0	0	0	0	0	122.020202020202
203	11/3/2025 1:26:19 PM		2.08999991416931	383.985444903374	499.595001220703	121	121	32	101.319999694824	92	100.791755318642	22	13	14	27	0	0	0	0	0	0	0	0	0	0	0	0	0	122.020202020202
204	11/3/2025 1:26:29 PM		2.0789999961853	381.851103901863	499.677001953125	121	122	31	102.809997558594	89	100.261274725199	22	14	14	29	0	0	0	0	0	0	0	0	0	0	0	0	0	122.525252525253
205	11/3/2025 1:26:39 PM		2.06200003623962	378.908801078796	499.610992431641	121	122	31	102.809997558594	73	99.4414374232292	20	14	15	33	0	0	0	0	0	0	0	0	0	0	0	0	0	122.525252525253
206	11/3/2025 1:26:49 PM		2.05399990081787	377.340164780617	499.647003173828	122	122	31	102.809997558594	92	99.0556351840496	21	14	15	33	0	0	0	0	0	0	0	0	0	0	0	0	0	123.030303030303
207	11/3/2025 1:26:59 PM		2.04699993133545	376.001608371735	499.619995117188	122	122	31	102.809997558594	90	98.7180523574352	21	15	13	36	0	0	0	0	0	0	0	0	0	0	0	0	0	123.030303030303
208	11/3/2025 1:27:09 PM		2.00799989700317	368.912369012833	499.539001464844	122	122	31	102.809997558594	92	96.8372471630573	19	13	15	35	0	0	0	0	0	0	0	0	0	0	0	0	0	123.030303030303
209	11/3/2025 1:27:19 PM		1.97800004482269	363.448333740234	499.571014404297	122	122	31	102.809997558594	88	95.3904770314693	21	13	15	42	0	0	0	0	0	0	0	0	0	0	0	0	0	123.030303030303
210	11/3/2025 1:27:29 PM		1.91600000858307	352.022042870522	499.52099609375	122	122	31	102.809997558594	80	92.4004845321178	20	14	14	42	0	0	0	0	0	0	0	0	0	0	0	0	0	123.030303030303
211	11/3/2025 1:27:39 PM		1.88900005817413	347.090211510658	499.407012939453	122	122	31	102.809997558594	93	91.0983860492706	20	14	13	39	0	0	0	0	0	0	0	0	0	0	0	0	0	123.030303030303
212	11/3/2025 1:27:49 PM		1.87899994850159	345.241096615791	499.316986083984	122	123	31	102.809997558594	95	90.6161315739155	22	13	13	30	0	0	0	0	0	0	0	0	0	0	0	0	0	123.535353535354
213	11/3/2025 1:27:59 PM		1.88100004196167	345.596516132355	499.385009765625	122	123	31	102.809997558594	92	90.712583810091	22	13	14	32	0	0	0	0	0	0	0	0	0	0	0	0	0	123.535353535354
214	11/3/2025 1:28:09 PM		1.88699996471405	346.649122238159	499.268005371094	123	123	31	102.809997558594	81	91.0019338130951	21	13	14	34	0	0	0	0	0	0	0	0	0	0	0	0	0	124.040404040404
215	11/3/2025 1:28:19 PM		1.84399998188019	338.815274834633	499.2080078125	123	123	30	104.300003051758	90	88.9282308518887	18	13	15	33	0	0	0	0	0	0	0	0	0	0	0	0	0	124.040404040404
216	11/3/2025 1:28:29 PM		1.98099994659424	363.954627513885	499.330993652344	123	124	30	104.300003051758	91	95.5351553857327	18	13	15	38	0	0	0	0	0	0	0	0	0	0	0	0	0	124.545454545455
217	11/3/2025 1:28:39 PM		2.06900000572205	380.102786421776	499.135009765625	123	124	30	104.300003051758	83	99.7790202498436	15	13	14	34	0	0	0	0	0	0	0	0	0	0	0	0	0	124.545454545455
218	11/3/2025 1:28:49 PM		2.07599997520447	381.415218114853	499.010009765625	124	124	31	102.809997558594	89	100.116596370935	14	13	14	32	0	0	0	0	0	0	0	0	0	0	0	0	0	125.050505050505
219	11/3/2025 1:28:59 PM		2.08299994468689	382.654640078545	499.010009765625	124	124	30	104.300003051758	88	100.45417919755	15	14	13	34	0	0	0	0	0	0	0	0	0	0	0	0	0	125.050505050505
220	11/3/2025 1:29:09 PM		2.09100008010864	384.102228283882	499.065002441406	124	125	30	104.300003051758	89	100.839981436729	16	14	13	33	0	0	0	0	0	0	0	0	0	0	0	0	0	125.555555555556
221	11/3/2025 1:29:19 PM		2.06399989128113	379.204005002975	499.178985595703	124	125	30	104.300003051758	88	99.5378896594048	15	13	14	34	0	0	0	0	0	0	0	0	0	0	0	0	0	125.555555555556
222	11/3/2025 1:29:29 PM		2.0090000629425	369.105461239815	499.153991699219	125	125	30	104.300003051758	79	96.8854732811451	16	13	13	27	0	0	0	0	0	0	0	0	0	0	0	0	0	126.060606060606
223	11/3/2025 1:29:39 PM		1.93900001049042	356.233003735542	499.144989013672	125	125	30	104.300003051758	72	93.5096718370914	16	12	13	37	0	0	0	0	0	0	0	0	0	0	0	0	0	126.060606060606
224	11/3/2025 1:29:49 PM		1.90299999713898	349.627339839935	499.286010742188	125	125	30	104.300003051758	80	91.7735517024994	17	12	14	31	0	0	0	0	0	0	0	0	0	0	0	0	0	126.060606060606
225	11/3/2025 1:29:59 PM		NaN	NaN	499.373992919922	125	126	30	104.300003051758	82	NaN	17	13	14	32	3	0	0	0	0	0	0	0	0	0	0	0	0	126.565656565657
226	11/3/2025 1:30:09 PM		1.89800000190735	348.70600104332	499.438995361328	125	126	30	104.300003051758	62	91.5324211120605	18	14	13	29	0	0	0	0	0	0	0	0	0	0	0	0	0	126.565656565657
227	11/3/2025 1:30:19 PM		1.90600001811981	350.234833359718	499.613006591797	126	126	30	104.300003051758	84	91.9182233512402	18	14	11	29	0	0	0	0	0	0	0	0	0	0	0	0	0	127.070707070707
228	11/3/2025 1:30:29 PM		1.92499995231628	353.570374846458	499.501007080078	126	126	30	104.300003051758	89	92.8345128893852	19	13	13	21	0	0	0	0	0	0	0	0	0	0	0	0	0	127.070707070707
229	11/3/2025 1:30:39 PM		1.95899999141693	359.906879067421	499.529998779297	126	126	30	104.300003051758	89	94.4741874933243	20	13	15	17	0	0	0	0	0	0	0	0	0	0	0	0	0	127.070707070707
230	11/3/2025 1:30:49 PM		1.99199998378754	365.986105799675	499.515014648438	126	127	30	104.300003051758	68	96.0656359791756	18	13	14	26	0	0	0	0	0	0	0	0	0	0	0	0	0	127.575757575758
231	11/3/2025 1:30:59 PM		2.09800004959106	385.399612784386	499.739013671875	126	127	30	104.300003051758	90	101.177564263344	19	14	15	19	0	0	0	0	0	0	0	0	0	0	0	0	0	127.575757575758
232	11/3/2025 1:31:09 PM		2.09800004959106	385.498023033142	499.967010498047	126	127	30	104.300003051758	72	101.177564263344	18	13	15	18	0	0	0	0	0	0	0	0	0	0	0	0	0	127.575757575758
233	11/3/2025 1:31:19 PM		2.04500007629395	375.676792860031	500.006988525391	127	127	30	104.300003051758	87	98.6216001212597	21	13	15	18	0	0	0	0	0	0	0	0	0	0	0	0	0	128.080808080808
234	11/3/2025 1:31:29 PM		2.01500010490417	370.216029882431	499.746002197266	127	127	30	104.300003051758	91	97.1748299896717	19	14	15	30	0	0	0	0	0	0	0	0	0	0	0	0	0	128.080808080808
235	11/3/2025 1:31:39 PM		1.93499994277954	355.453822016716	499.580993652344	127	127	30	104.300003051758	71	93.3167740702629	18	13	15	35	0	0	0	0	0	0	0	0	0	0	0	0	0	128.080808080808
236	11/3/2025 1:31:49 PM		1.89100003242493	347.372272610664	499.545013427734	127	127	30	104.300003051758	90	91.1948382854462	19	13	14	22	0	0	0	0	0	0	0	0	0	0	0	0	0	128.080808080808
237	11/3/2025 1:31:59 PM		1.875	344.508799910545	499.507995605469	127	127	30	104.300003051758	93	90.4232271015644	16	13	14	23	0	0	0	0	0	0	0	0	0	0	0	0	0	128.080808080808
238	11/3/2025 1:32:09 PM		1.85800004005432	341.334888339043	499.680999755859	127	128	30	104.300003051758	50	89.6033897995949	17	12	14	16	0	0	0	0	0	0	0	0	0	0	0	0	0	128.585858585859
239	11/3/2025 1:32:19 PM		1.91100001335144	350.991806387901	499.647003173828	127	128	30	104.300003051758	67	92.159353941679	16	13	13	21	0	0	0	0	0	0	0	0	0	0	0	0	0	128.585858585859
240	11/3/2025 1:32:29 PM		1.81900000572205	334.246507287025	499.571014404297	127	128	30	104.300003051758	81	87.722584605217	18	13	13	22	0	0	0	0	0	0	0	0	0	0	0	0	0	128.585858585859
241	11/3/2025 1:32:39 PM		1.68900001049042	310.301220417023	499.617004394531	128	128	30	104.300003051758	91	81.4532428979874	20	13	14	25	0	0	0	0	0	0	0	0	0	0	0	0	0	129.090909090909
242	11/3/2025 1:32:49 PM		1.62999999523163	299.41711127758	499.696014404297	128	129	30	104.300003051758	91	78.6079287528992	19	12	15	35	0	0	0	0	0	0	0	0	0	0	0	0	0	129.59595959596
243	11/3/2025 1:32:59 PM		1.58899998664856	291.950994729996	499.996002197266	128	129	30	104.300003051758	89	76.6306713223457	23	13	14	31	0	0	0	0	0	0	0	0	0	0	0	0	0	129.59595959596
244	11/3/2025 1:33:09 PM		1.60199999809265	294.299644231796	500.843994140625	128	129	30	104.300003051758	78	77.2576041519642	20	13	14	25	0	0	0	0	0	0	0	0	0	0	0	0	0	129.59595959596
245	11/3/2025 1:33:19 PM		1.59399998188019	292.780628800392	501.401000976562	128	129	30	104.300003051758	72	76.8718019127846	20	12	14	29	0	0	0	0	0	0	0	0	0	0	0	0	0	129.59595959596
246	11/3/2025 1:33:29 PM		1.95799994468689	359.735807776451	500.355987548828	128	129	30	104.300003051758	70	94.4259613752365	18	12	15	12	0	0	0	0	0	0	0	0	0	0	0	0	0	129.59595959596
247	11/3/2025 1:33:39 PM		2.41700005531311	444.091656804085	499.575988769531	129	129	30	104.300003051758	89	116.561575233936	19	13	14	31	0	0	0	0	0	0	0	0	0	0	0	0	0	130.10101010101
248	11/3/2025 1:33:49 PM		2.08899998664856	383.86238515377	499.718994140625	129	130	30	104.300003051758	72	100.743535906076	16	12	13	10	0	0	0	0	0	0	0	0	0	0	0	0	0	130.606060606061
249	11/3/2025 1:33:59 PM		1.86300003528595	342.328727245331	499.882995605469	129	130	30	104.300003051758	85	89.8445203900337	18	13	14	30	0	0	0	0	0	0	0	0	0	0	0	0	0	130.606060606061
250	11/3/2025 1:34:09 PM		1.91700005531311	352.263870835304	499.64599609375	129	130	30	104.300003051758	88	92.4487106502056	19	12	13	24	0	0	0	0	0	0	0	0	0	0	0	0	0	130.606060606061
251	11/3/2025 1:34:19 PM		1.71300005912781	314.725765585899	499.559997558594	130	130	30	104.300003051758	68	82.6106630265713	20	12	13	57	0	0	0	0	0	0	0	0	0	0	0	0	0	131.111111111111
252	11/3/2025 1:34:29 PM		1.86899995803833	343.326857686043	499.415985107422	130	130	30	104.300003051758	90	90.1338770985603	20	13	14	28	0	0	0	0	0	0	0	0	0	0	0	0	0	131.111111111111
253	11/3/2025 1:34:39 PM		1.64199995994568	301.641038060188	499.574005126953	130	131	30	104.300003051758	95	79.1866354644299	18	13	14	26	0	0	0	0	0	0	0	0	0	0	0	0	0	131.616161616162
254	11/3/2025 1:34:49 PM		1.66999995708466	306.769046187401	499.484008789062	130	131	30	104.300003051758	95	80.5369533598423	16	12	14	17	0	0	0	0	0	0	0	0	0	0	0	0	0	131.616161616162
255	11/3/2025 1:34:59 PM		1.71200001239777	314.594283699989	499.442993164062	130	131	30	104.300003051758	95	82.5624369084835	18	12	14	15	0	0	0	0	0	0	0	0	0	0	0	0	0	131.616161616162
256	11/3/2025 1:35:09 PM		1.69700002670288	311.838689446449	499.371002197266	131	131	30	104.300003051758	85	81.8390518426895	17	12	14	23	0	0	0	0	0	0	0	0	0	0	0	0	0	132.121212121212
257	11/3/2025 1:35:19 PM		1.69799995422363	311.873263120651	499.328002929688	131	131	30	104.300003051758	86	81.8872779607773	16	13	14	19	0	0	0	0	0	0	0	0	0	0	0	0	0	132.121212121212
258	11/3/2025 1:35:29 PM		1.68799996376038	310.088333487511	499.35400390625	131	132	30	104.300003051758	93	81.4050167798996	18	12	14	25	0	0	0	0	0	0	0	0	0	0	0	0	0	132.626262626263
259	11/3/2025 1:35:39 PM		1.67700004577637	308.063077926636	499.394989013672	131	132	30	104.300003051758	93	80.8745361864567	17	13	15	33	0	0	0	0	0	0	0	0	0	0	0	0	0	132.626262626263
260	11/3/2025 1:35:49 PM		1.72000002861023	315.927797555923	499.455993652344	131	132	30	104.300003051758	86	82.9482391476631	16	13	14	34	0	0	0	0	0	0	0	0	0	0	0	0	0	132.626262626263
261	11/3/2025 1:35:59 PM		1.69200003147125	310.767897963524	499.572998046875	131	132	30	104.300003051758	82	81.5979212522507	17	13	13	30	0	0	0	0	0	0	0	0	0	0	0	0	0	132.626262626263
262	11/3/2025 1:36:09 PM		1.682000041008	308.967518806458	499.507995605469	132	132	30	104.300003051758	95	81.1156667768955	18	13	14	29	0	0	0	0	0	0	0	0	0	0	0	0	0	133.131313131313
263	11/3/2025 1:36:19 PM		1.70299994945526	312.879708409309	499.622985839844	132	132	30	104.300003051758	94	82.1284018456936	20	13	13	21	0	0	0	0	0	0	0	0	0	0	0	0	0	133.131313131313
264	11/3/2025 1:36:29 PM		1.72599995136261	317.078518867493	499.570007324219	132	132	30	104.300003051758	96	83.2375958561897	20	12	14	23	0	0	0	0	0	0	0	0	0	0	0	0	0	133.131313131313
265	11/3/2025 1:36:39 PM		1.70500004291534	313.244757056236	499.563995361328	132	132	30	104.300003051758	97	82.2248540818691	21	13	12	21	0	0	0	0	0	0	0	0	0	0	0	0	0	133.131313131313
266	11/3/2025 1:36:49 PM		1.69700002670288	311.741459369659	499.56298828125	132	132	30	104.300003051758	98	81.8390518426895	21	12	13	27	0	0	0	0	0	0	0	0	0	0	0	0	0	133.131313131313
267	11/3/2025 1:36:59 PM		1.68799996376038	310.169738531113	499.694000244141	132	132	30	104.300003051758	96	81.4050167798996	19	13	14	19	0	0	0	0	0	0	0	0	0	0	0	0	0	133.131313131313
268	11/3/2025 1:37:09 PM		1.69500005245209	311.410447955132	499.635009765625	132	132	30	104.300003051758	98	81.742599606514	22	12	13	19	0	0	0	0	0	0	0	0	0	0	0	0	0	133.131313131313
269	11/3/2025 1:37:19 PM		1.69200003147125	310.766234993935	499.471984863281	132	133	30	104.300003051758	97	81.5979212522507	23	12	14	29	0	0	0	0	0	0	0	0	0	0	0	0	0	133.636363636364
270	11/3/2025 1:37:29 PM		1.68499994277954	309.544783830643	499.322998046875	132	133	30	104.300003051758	96	81.2603384256363	24	12	14	30	0	0	0	0	0	0	0	0	0	0	0	0	0	133.636363636364
271	11/3/2025 1:37:39 PM		1.68599998950958	309.718778729439	499.269012451172	132	133	30	104.300003051758	96	81.3085645437241	26	12	15	46	0	0	0	0	0	0	0	0	0	0	0	0	0	133.636363636364
272	11/3/2025 1:37:49 PM		1.68499994277954	309.500205516815	499.227996826172	132	133	30	104.300003051758	94	81.2603384256363	21	12	14	28	0	0	0	0	0	0	0	0	0	0	0	0	0	133.636363636364
273	11/3/2025 1:37:59 PM		1.68900001049042	310.312968492508	499.188995361328	133	133	30	104.300003051758	92	81.4532428979874	22	13	13	26	0	0	0	0	0	0	0	0	0	0	0	0	0	134.141414141414
274	11/3/2025 1:38:09 PM		1.66799998283386	306.359177827835	499.3330078125	133	133	30	104.300003051758	83	80.4405011236668	23	12	13	24	0	0	0	0	0	0	0	0	0	0	0	0	0	134.141414141414
275	11/3/2025 1:38:19 PM		1.66100001335144	305.138289928436	499.502990722656	133	134	30	104.300003051758	74	80.1029250025749	21	13	13	36	0	0	0	0	0	0	0	0	0	0	0	0	0	134.646464646465
276	11/3/2025 1:38:29 PM		1.67400002479553	307.531115412712	499.579986572266	133	134	30	104.300003051758	73	80.7298578321934	19	13	14	35	0	0	0	0	0	0	0	0	0	0	0	0	0	134.646464646465
277	11/3/2025 1:38:39 PM		1.67700004577637	308.095425367355	499.709991455078	133	134	30	104.300003051758	65	80.8745361864567	19	12	14	38	0	0	0	0	0	0	0	0	0	0	0	0	0	134.646464646465
278	11/3/2025 1:38:49 PM		1.66999995708466	306.85173869133	499.990997314453	134	134	30	104.300003051758	78	80.5369533598423	21	12	14	29	0	0	0	0	0	0	0	0	0	0	0	0	0	135.151515151515
279	11/3/2025 1:38:59 PM		1.66199994087219	305.363059043884	499.959014892578	134	134	30	104.300003051758	78	80.1511511206627	19	12	13	34	0	0	0	0	0	0	0	0	0	0	0	0	0	135.151515151515
280	11/3/2025 1:39:09 PM		1.6599999666214	304.878598451614	499.838012695312	134	135	30	104.300003051758	54	80.0546988844872	17	12	13	23	0	0	0	0	0	0	0	0	0	0	0	0	0	135.656565656566
281	11/3/2025 1:39:19 PM		1.65299999713898	303.767842054367	499.864013671875	134	135	30	104.300003051758	82	79.7171160578728	20	12	14	19	0	0	0	0	0	0	0	0	0	0	0	0	0	135.656565656566
282	11/3/2025 1:39:29 PM		1.65699994564056	304.419484734535	499.936004638672	134	135	30	104.300003051758	70	79.9100205302238	23	12	14	24	0	0	0	0	0	0	0	0	0	0	0	0	0	135.656565656566
283	11/3/2025 1:39:39 PM		1.62800002098083	299.164661765099	499.839996337891	134	135	30	104.300003051758	72	78.5114765167236	23	12	14	28	0	0	0	0	0	0	0	0	0	0	0	0	0	135.656565656566
284	11/3/2025 1:39:49 PM		1.62800002098083	299.147576093674	500.360992431641	134	135	30	104.300003051758	27	78.5114765167236	20	12	14	24	0	0	0	0	0	0	0	0	0	0	0	0	0	135.656565656566
285	11/3/2025 1:39:59 PM		1.62800002098083	299.168953299522	500.334991455078	135	135	30	104.300003051758	75	78.5114765167236	21	12	15	25	0	0	0	0	0	0	0	0	0	0	0	0	0	136.161616161616
286	11/3/2025 1:40:09 PM		1.6360000371933	300.570836663246	499.957000732422	135	135	30	104.300003051758	80	78.8972787559032	20	13	13	29	0	0	0	0	0	0	0	0	0	0	0	0	0	136.161616161616
287	11/3/2025 1:40:19 PM		1.63499999046326	300.405022501945	500.075012207031	135	136	30	104.300003051758	36	78.8490526378155	22	12	15	20	0	0	0	0	0	0	0	0	0	0	0	0	0	136.666666666667
288	11/3/2025 1:40:29 PM		1.64100003242493	301.453712582588	500.054992675781	135	136	30	104.300003051758	80	79.1384093463421	20	12	15	19	0	0	0	0	0	0	0	0	0	0	0	0	0	136.666666666667
289	11/3/2025 1:40:39 PM		1.6599999666214	304.958420991898	499.776000976562	135	136	30	104.300003051758	39	80.0546988844872	18	12	15	42	0	0	0	0	0	0	0	0	0	0	0	0	0	136.666666666667
290	11/3/2025 1:40:49 PM		1.64699995517731	302.52560377121	499.721008300781	135	136	30	104.300003051758	86	79.4277660548687	21	12	15	28	0	0	0	0	0	0	0	0	0	0	0	0	0	136.666666666667
291	11/3/2025 1:40:59 PM		1.66799998283386	306.501924991608	499.654998779297	136	136	30	104.300003051758	78	80.4405011236668	23	12	15	38	0	0	0	0	0	0	0	0	0	0	0	0	0	137.171717171717
292	11/3/2025 1:41:09 PM		1.65199995040894	303.531378507614	499.859008789062	136	136	30	104.300003051758	81	79.668889939785	23	12	15	32	0	0	0	0	0	0	0	0	0	0	0	0	0	137.171717171717
293	11/3/2025 1:41:19 PM		1.65100002288818	303.235155344009	500.010009765625	136	137	30	104.300003051758	68	79.6206638216972	24	12	15	22	0	0	0	0	0	0	0	0	0	0	0	0	0	137.676767676768
294	11/3/2025 1:41:29 PM		1.61699998378754	297.099521756172	500.049011230469	136	137	30	104.300003051758	64	77.9809892177582	22	12	14	27	0	0	0	0	0	0	0	0	0	0	0	0	0	137.676767676768
295	11/3/2025 1:41:39 PM		1.64699995517731	302.650138735771	499.942993164062	136	137	30	104.300003051758	62	79.4277660548687	25	12	15	20	0	0	0	0	0	0	0	0	0	0	0	0	0	137.676767676768
296	11/3/2025 1:41:49 PM		NaN	NaN	∞	136	137	30	104.300003051758	0	NaN	19	11	15	32	2	0	0	0	0	0	0	0	0	0	0	0	0	137.676767676768
297	11/3/2025 1:41:59 PM		1.56500005722046	287.525752186775	499.251007080078	137	137	30	104.300003051758	6	75.4732511937618	16	11	16	30	0	0	0	0	0	0	0	0	0	0	0	0	0	138.181818181818
298	11/3/2025 1:42:09 PM		1.59800004959106	293.520328402519	498.477996826172	137	137	30	104.300003051758	25	77.0647063851357	17	12	16	30	0	0	0	0	0	0	0	0	0	0	0	0	0	138.181818181818
299	11/3/2025 1:42:19 PM		1.62100005149841	297.849145531654	499.321990966797	137	137	30	104.300003051758	51	78.1738936901093	17	12	15	20	0	0	0	0	0	0	0	0	0	0	0	0	0	138.181818181818
300	11/3/2025 1:42:29 PM		NaN	NaN	501.813995361328	137	138	30	104.300003051758	59	NaN	20	12	16	28	3	0	0	0	0	0	0	0	0	0	0	0	0	138.686868686869
301	11/3/2025 1:42:39 PM		NaN	NaN	∞	137	138	30	104.300003051758	0	NaN	14	12	16	27	2	0	0	0	0	0	0	0	0	0	0	0	0	138.686868686869
302	11/3/2025 1:42:49 PM		NaN	NaN	501.717010498047	137	138	30	104.300003051758	9	NaN	16	11	16	29	3	0	0	0	0	0	0	0	0	0	0	0	0	138.686868686869
303	11/3/2025 1:42:59 PM		NaN	NaN	501.575988769531	137	138	29	105.790000915527	3	NaN	15	11	16	26	3	0	0	0	0	0	0	0	0	0	0	0	0	138.686868686869
304	11/3/2025 1:43:09 PM		NaN	NaN	∞	137	138	29	105.790000915527	0	NaN	15	11	15	48	2	0	0	0	0	0	0	0	0	0	0	0	0	138.686868686869
305	11/3/2025 1:43:19 PM		NaN	NaN	∞	138	138	30	104.300003051758	0	NaN	15	11	15	52	2	0	0	0	0	0	0	0	0	0	0	0	0	139.191919191919
306	11/3/2025 1:43:29 PM		NaN	NaN	∞	138	138	29	105.790000915527	0	NaN	15	10	16	54	2	0	0	0	0	0	0	0	0	0	0	0	0	139.191919191919
307	11/3/2025 1:43:39 PM		NaN	NaN	∞	138	138	29	105.790000915527	0	NaN	19	10	16	73	2	0	0	0	0	0	0	0	0	0	0	0	0	139.191919191919
308	11/3/2025 1:43:49 PM		NaN	NaN	501.042999267578	138	138	30	104.300003051758	6	NaN	19	11	16	37	3	0	0	0	0	0	0	0	0	0	0	0	0	139.191919191919
309	11/3/2025 1:43:59 PM		NaN	NaN	∞	138	138	29	105.790000915527	0	NaN	21	10	16	66	2	0	0	0	0	0	0	0	0	0	0	0	0	139.191919191919
310	11/3/2025 1:44:09 PM		1.46899998188019	269.790396094322	500.454986572266	138	138	29	105.790000915527	14	70.8435840904713	20	11	15	38	0	0	0	0	0	0	0	0	0	0	0	0	0	139.191919191919
311	11/3/2025 1:44:19 PM		3.31200003623962	608.42279791832	499.584014892578	138	138	30	104.300003051758	17	159.723588824272	21	11	14	35	0	0	0	0	0	0	0	0	0	0	0	0	0	139.191919191919
312	11/3/2025 1:44:29 PM		1.64900004863739	303.010573983192	499.427001953125	138	138	30	104.300003051758	30	79.5242182910442	24	11	15	41	0	0	0	0	0	0	0	0	0	0	0	0	0	139.191919191919
313	11/3/2025 1:44:39 PM		1.67700004577637	308.103364706039	499.430999755859	138	139	30	104.300003051758	2	80.8745361864567	21	12	15	15	0	0	0	0	0	0	0	0	0	0	0	0	0	139.69696969697
314	11/3/2025 1:44:49 PM		2.5239999294281	463.638067245483	499.660003662109	138	139	30	104.300003051758	3	121.721716225147	21	11	14	14	0	0	0	0	0	0	0	0	0	0	0	0	0	139.69696969697
315	11/3/2025 1:44:59 PM		2.29699993133545	422.032713890076	499.766998291016	138	139	30	104.300003051758	97	110.774481296539	20	12	15	28	0	0	0	0	0	0	0	0	0	0	0	0	0	139.69696969697
316	11/3/2025 1:45:09 PM		3.12100005149841	573.389661312103	499.174987792969	138	139	30	104.300003051758	59	150.512480735779	21	11	16	20	0	0	0	0	0	0	0	0	0	0	0	0	0	139.69696969697
317	11/3/2025 1:45:19 PM		3.12700009346008	574.496340751648	499.417999267578	138	139	29	105.790000915527	82	150.801837444305	17	11	15	15	0	0	0	0	0	0	0	0	0	0	0	0	0	139.69696969697
318	11/3/2025 1:45:29 PM		NaN	NaN	499.898010253906	139	139	29	105.790000915527	48	NaN	16	10	14	9	3	0	0	0	0	0	0	0	0	0	0	0	0	140.20202020202
319	11/3/2025 1:45:39 PM		3.45700001716614	635.17906665802	499.230010986328	139	139	29	105.790000915527	83	166.716322302818	16	10	14	7	0	0	0	0	0	0	0	0	0	0	0	0	0	140.20202020202
320	11/3/2025 1:45:49 PM		3.72900009155273	685.100555419922	499.355010986328	139	139	29	105.790000915527	68	179.833719134331	18	10	13	8	0	0	0	0	0	0	0	0	0	0	0	0	0	140.20202020202
321	11/3/2025 1:45:59 PM		2.10199999809265	386.111149191856	499.938995361328	139	140	29	105.790000915527	50	101.370468735695	18	11	13	14	0	0	0	0	0	0	0	0	0	0	0	0	0	140.707070707071
322	11/3/2025 1:46:09 PM		1.7039999961853	313.028410077095	500.011993408203	139	140	29	105.790000915527	69	82.1766279637814	20	10	14	35	0	0	0	0	0	0	0	0	0	0	0	0	0	140.707070707071
323	11/3/2025 1:46:19 PM		1.64199995994568	301.659062504768	499.872009277344	139	140	29	105.790000915527	68	79.1866354644299	20	10	15	31	0	0	0	0	0	0	0	0	0	0	0	0	0	140.707070707071
324	11/3/2025 1:46:29 PM		1.77900004386902	326.863378286362	499.529998779297	139	140	29	105.790000915527	84	85.7935599982738	20	10	16	24	0	0	0	0	0	0	0	0	0	0	0	0	0	140.707070707071
325	11/3/2025 1:46:39 PM		1.78400003910065	327.696096897125	499.549011230469	139	140	29	105.790000915527	81	86.0346905887127	22	10	14	41	0	0	0	0	0	0	0	0	0	0	0	0	0	140.707070707071
326	11/3/2025 1:46:49 PM		1.76600003242493	324.393948912621	499.753997802734	139	140	29	105.790000915527	80	85.1666271686554	19	10	15	25	0	0	0	0	0	0	0	0	0	0	0	0	0	140.707070707071
327	11/3/2025 1:46:59 PM		1.70099997520447	312.417858839035	500.445007324219	140	140	29	105.790000915527	80	82.0319496095181	17	10	15	28	0	0	0	0	0	0	0	0	0	0	0	0	0	141.212121212121
328	11/3/2025 1:47:09 PM		1.66199994087219	305.418902635574	500.069000244141	140	140	29	105.790000915527	78	80.1511511206627	16	9	15	32	0	0	0	0	0	0	0	0	0	0	0	0	0	141.212121212121
329	11/3/2025 1:47:19 PM		1.63199996948242	299.883306026459	500.273010253906	140	141	29	105.790000915527	38	78.7043809890747	14	10	15	40	0	0	0	0	0	0	0	0	0	0	0	0	0	141.717171717172
330	11/3/2025 1:47:29 PM		1.58899998664856	291.979587078094	500.381011962891	140	141	29	105.790000915527	67	76.6306713223457	13	10	16	32	0	0	0	0	0	0	0	0	0	0	0	0	0	141.717171717172
331	11/3/2025 1:47:39 PM		1.5460000038147	283.942884206772	500.667999267578	140	141	28	107.279998779297	52	74.5569683611393	18	10	15	44	0	0	0	0	0	0	0	0	0	0	0	0	0	141.717171717172
332	11/3/2025 1:47:49 PM		1.57799994945526	289.867803454399	500.822998046875	140	141	28	107.279998779297	56	76.1001907289028	15	9	15	42	0	0	0	0	0	0	0	0	0	0	0	0	0	141.717171717172
333	11/3/2025 1:47:59 PM		1.58299994468689	290.866309404373	500.736999511719	140	141	28	107.279998779297	73	76.3413146138191	12	10	13	56	0	0	0	0	0	0	0	0	0	0	0	0	0	141.717171717172
334	11/3/2025 1:48:09 PM		1.60500001907349	294.793894886971	500.506988525391	141	141	28	107.279998779297	79	77.4022825062275	14	10	14	54	0	0	0	0	0	0	0	0	0	0	0	0	0	142.222222222222
335	11/3/2025 1:48:19 PM		1.61099994182587	295.893868803978	500.553985595703	141	141	28	107.279998779297	35	77.6916392147541	16	10	14	49	0	0	0	0	0	0	0	0	0	0	0	0	0	142.222222222222
336	11/3/2025 1:48:29 PM		1.64800000190735	302.691605687141	500.432006835938	141	141	28	107.279998779297	70	79.4759921729565	16	9	15	51	0	0	0	0	0	0	0	0	0	0	0	0	0	142.222222222222
337	11/3/2025 1:48:39 PM		1.69799995422363	311.903116106987	499.871002197266	141	142	29	105.790000915527	82	81.8872779607773	14	10	14	42	0	0	0	0	0	0	0	0	0	0	0	0	0	142.727272727273
338	11/3/2025 1:48:49 PM		1.67700004577637	308.064794540405	500.052001953125	141	142	28	107.279998779297	23	80.8745361864567	13	10	14	34	0	0	0	0	0	0	0	0	0	0	0	0	0	142.727272727273
339	11/3/2025 1:48:59 PM		1.66299998760223	305.471393465996	500.118988037109	141	142	28	107.279998779297	72	80.1993772387505	17	11	13	50	0	0	0	0	0	0	0	0	0	0	0	0	0	142.727272727273
340	11/3/2025 1:49:09 PM		1.65799999237061	304.582187533379	500.282989501953	141	142	28	107.279998779297	69	79.9582466483116	15	10	14	46	0	0	0	0	0	0	0	0	0	0	0	0	0	142.727272727273
341	11/3/2025 1:49:19 PM		1.66700005531311	306.317496299744	500.630004882812	141	142	28	107.279998779297	65	80.392275005579	15	9	13	30	0	0	0	0	0	0	0	0	0	0	0	0	0	142.727272727273
342	11/3/2025 1:49:29 PM		1.69400000572205	311.165401339531	500.154998779297	141	142	28	107.279998779297	73	81.6943734884262	14	9	14	26	0	0	0	0	0	0	0	0	0	0	0	0	0	142.727272727273
343	11/3/2025 1:49:39 PM		1.68099999427795	308.859720826149	500.138000488281	142	142	28	107.279998779297	80	81.0674406588078	13	10	14	29	0	0	0	0	0	0	0	0	0	0	0	0	0	143.232323232323
344	11/3/2025 1:49:49 PM		1.70700001716614	313.583761453629	500.010009765625	142	142	28	107.279998779297	63	82.3213063180447	13	10	15	32	0	0	0	0	0	0	0	0	0	0	0	0	0	143.232323232323
345	11/3/2025 1:49:59 PM		1.66799998283386	306.380152702332	500.289001464844	142	143	28	107.279998779297	79	80.4405011236668	13	10	15	43	0	0	0	0	0	0	0	0	0	0	0	0	0	143.737373737374
346	11/3/2025 1:50:09 PM		1.68499994277954	309.638607501984	500.730010986328	142	143	28	107.279998779297	69	81.2603384256363	15	11	15	35	0	0	0	0	0	0	0	0	0	0	0	0	0	143.737373737374
347	11/3/2025 1:50:19 PM		1.66600000858307	306.029614806175	501.414001464844	142	143	28	107.279998779297	51	80.3440555930138	13	10	16	32	0	0	0	0	0	0	0	0	0	0	0	0	0	143.737373737374
348	11/3/2025 1:50:29 PM		1.67499995231628	307.798129320145	501.546997070312	142	143	28	107.279998779297	56	80.7780839502811	17	10	16	44	0	0	0	0	0	0	0	0	0	0	0	0	0	143.737373737374
349	11/3/2025 1:50:39 PM		1.67200005054474	307.087424397469	501.295013427734	142	143	28	107.279998779297	80	80.6334055960178	15	10	14	41	0	0	0	0	0	0	0	0	0	0	0	0	0	143.737373737374
350	11/3/2025 1:50:49 PM		1.6710000038147	307.056954503059	500.924987792969	142	143	28	107.279998779297	71	80.5851794779301	15	9	14	34	0	0	0	0	0	0	0	0	0	0	0	0	0	143.737373737374